slug,kaynak_url,yazar,lisans,kaynak,tarih
acibadem-kurabiyesi,https://commons.wikimedia.org/wiki/File:20260806_Almond_biscuits_at_Pastelaria_St._Paulo.jpg,"<a href=""//commons.wikimedia.org/wiki/User:Yumeto"" title=""User:Yumeto"">Yumeto</a>",cc by-sa 4.0,Wikimedia Commons,2026-09-09
acili-ezme,https://commons.wikimedia.org/wiki/File:Ac%C4%B1l%C4%B1_Ezme.jpg,Garrett Ziegler,cc by-sa 4.0,Wikimedia Commons,2026-09-09
acuka,https://commons.wikimedia.org/wiki/File:Adjika_e-citizen.jpg,"<a href=""//commons.wikimedia.org/wiki/User:Moonsun1981"" title=""User:Moonsun1981"">Moonsun1981</a>",cc by-sa 3.0,Wikimedia Commons,2026-09-09
adana-kofte,https://commons.wikimedia.org/wiki/File:Grilled_ground_meat_filled_in_bell_pepper_(2317777479).jpg,"<a rel=""nofollow"" class=""external text"" href=""https://www.flickr.com/people/85936780@N00"">pelican</a> from Tokyo, Japan",cc by-sa 2.0,Wikimedia Commons,2026-08-18
airfryer-citir-tavuk-parcalari,"https://commons.wikimedia.org/wiki/File:Chicken,_pork_and_rice.jpg","<a href=""//commons.wikimedia.org/wiki/User:Aerous"" title=""User:Aerous"">Aerous</a>",cc by-sa 4.0,Wikimedia Commons,2026-09-10
airfryer-elma-dilim-patates,https://commons.wikimedia.org/wiki/File:DFC_4058_Korean-style_hamburger_steak_topped_with_shredded_seaweed_served_with_thick-cut_fries_and_steamed_vegetables.jpg,"<a rel=""nofollow"" class=""external text"" href=""https://www.flickr.com/people/PattayaPatrol/"">PattayaPatrol</a>",cc by-sa 4.0,Wikimedia Commons,2026-08-18
airfryer-falafel,"https://commons.wikimedia.org/wiki/File:Airfryer,_falafel.jpg","<a href=""//commons.wikimedia.org/wiki/User:Jepz11"" title=""User:Jepz11"">Jepz11</a>",cc by-sa 4.0,Wikimedia Commons,2026-09-09
airfryer-kok-sebze-kavurmasi,https://www.flickr.com/photos/49934554@N08/6086429752,gozamos,by-sa,Openverse,2026-08-18
airfryer-patlican-cips,https://commons.wikimedia.org/wiki/File:Aubergine_fritters.JPG,"<a href=""//commons.wikimedia.org/w/index.php?title=User:Shukantodas&amp;action=edit&amp;redlink=1"" class=""new"" title=""Us",cc by-sa 4.0,Wikimedia Commons,2026-08-18
airfryer-sebzeli-tavuk-sis,"https://commons.wikimedia.org/wiki/File:DFC_5235-_Charcoal-grilled_skewers_of_juicy,_marinated_chicken_sizzling_to_a_perfect_caramelized_finish.jpg",Pattaya Patrol,cc by-sa 4.0,Wikimedia Commons,2026-09-10
airfryer-soya-balli-somon,https://commons.wikimedia.org/wiki/File:Salmon_Fillet_Salad_-_Jonny%27s_2026-06-12.jpg,"<a href=""//commons.wikimedia.org/wiki/User:Onthewings"" title=""User:Onthewings"">Andy Li</a>",cc0,Wikimedia Commons,2026-08-18
akdeniz-usulu-protein-bowl,https://commons.wikimedia.org/wiki/File:DFC_1238_Plate_of_seasoned_grilled_meat_topped_with_raw_onion_rings_served_with_a_baked_potato_topped_with_creamy_sauce_a_side_of_rice_or_cabbage_and_dipping_sauce.jpg,"<a rel=""nofollow"" class=""external text"" href=""https://www.flickr.com/people/PattayaPatrol/"">PattayaPatrol</a>",cc by-sa 4.0,Wikimedia Commons,2026-08-18
ali-nazik,https://commons.wikimedia.org/wiki/File:Ali-nazik-2.jpg,"<a href=""//commons.wikimedia.org/w/index.php?title=User:Mence&amp;action=edit&amp;redlink=1"" class=""new"" title=""User:Men",cc by-sa 4.0,Wikimedia Commons,2026-09-09
anadolu-kesme-corbasi,https://commons.wikimedia.org/wiki/File:Curauma-Catering-Banqueter%C3%ADa-Valpara%C3%ADso-Vi%C3%B1a-del-Mar-Pantrucas.JPG,"<a href=""//commons.wikimedia.org/w/index.php?title=User:Curaumacatering&amp;action=edit&amp;redlink=1"" class=""new"" title",cc by-sa 4.0,Wikimedia Commons,2026-08-18
anali-kizli,https://commons.wikimedia.org/wiki/File:%22Madre_e_hija%22_(sopa_turca).jpg,"<a href=""//commons.wikimedia.org/wiki/User:E4024"" class=""mw-redirect"" title=""User:E4024"">E4024</a>",cc by-sa 4.0,Wikimedia Commons,2026-09-09
ankara-tava,https://commons.wikimedia.org/wiki/File:Ankara_tava.jpg,"<a href=""//commons.wikimedia.org/wiki/User:E4024"" class=""mw-redirect"" title=""User:E4024"">E4024</a>",cc by-sa 4.0,Wikimedia Commons,2026-09-09
arabasi-corbasi,https://commons.wikimedia.org/wiki/File:Arabasi_soup.jpg,"<a href=""//commons.wikimedia.org/wiki/User:E4024"" class=""mw-redirect"" title=""User:E4024"">E4024</a>",cc by-sa 4.0,Wikimedia Commons,2026-08-18
arnavut-cigeri,https://commons.wikimedia.org/w/index.php?curid=61761637,E4024,by-sa,Openverse,2026-09-09
asure,https://commons.wikimedia.org/wiki/File:A%C5%9Fure.jpg,"<a href=""//commons.wikimedia.org/wiki/User:E4024"" class=""mw-redirect"" title=""User:E4024"">E4024</a>",cc by-sa 4.0,Wikimedia Commons,2026-08-18
asure-saray,https://commons.wikimedia.org/wiki/File:Falafel_Super_Bowl_Salad_-_Leon_2025-10-27.jpg,"<a href=""//commons.wikimedia.org/wiki/User:Onthewings"" title=""User:Onthewings"">Andy Li</a>",cc0,Wikimedia Commons,2026-09-09
avokadolu-yumurtali-tost,https://commons.wikimedia.org/wiki/File:Hummus_Fatteh_with_Meat.jpg,"<a href=""//commons.wikimedia.org/wiki/User:%D8%B1%D9%88%D8%AA%D8%A7%D9%86%D8%A7"" title=""User:روتانا"">روتانا</a>",cc by 4.0,Wikimedia Commons,2026-08-18
ayva-tatlisi,https://commons.wikimedia.org/wiki/File:Ayva_(quince)_dessert_from_Turkey.jpg,"<a href=""//commons.wikimedia.org/wiki/User:E4024"" class=""mw-redirect"" title=""User:E4024"">E4024</a>",cc by-sa 4.0,Wikimedia Commons,2026-09-09
baharatli-karnabahar-izgara,https://commons.wikimedia.org/wiki/File:Cajun_Blackened_Steak.jpg,"<a href=""//commons.wikimedia.org/w/index.php?title=User:JIP&amp;action=edit&amp;redlink=1"" class=""new"" title=""User:JIP (",cc by-sa 3.0,Wikimedia Commons,2026-08-18
baharatli-patates-wedges,"https://commons.wikimedia.org/wiki/File:Crispy,_seasoned_perfection%E2%80%94Cameroonian-style_fried_snails.jpg","<a href=""//commons.wikimedia.org/w/index.php?title=User:Black_Lyn&amp;action=edit&amp;redlink=1"" class=""new"" title=""User",cc by-sa 4.0,Wikimedia Commons,2026-08-18
balli-hardalli-tavuk-wrap,https://commons.wikimedia.org/wiki/File:Banana_on_a_wheat_tortilla_wrap_with_fruit_and_nut_mix_and_peanut_butter_(15093563857).jpg,"<a rel=""nofollow"" class=""external text"" href=""https://www.flickr.com/people/127294011@N07"">Personal Creations</a>",cc by 2.0,Wikimedia Commons,2026-09-09
barbunya-pilaki,https://commons.wikimedia.org/wiki/File:Barbunya_pilaki.jpg,"<a href=""//commons.wikimedia.org/wiki/User:E4024"" class=""mw-redirect"" title=""User:E4024"">E4024</a>",cc by-sa 4.0,Wikimedia Commons,2026-09-09
bardakta-cikolatali-mus,https://www.flickr.com/photos/58367355@N00/4252722303,jules:stonesoup,by,Openverse,2026-08-18
bardakta-cilekli-cheesecake,https://commons.wikimedia.org/wiki/File:Mondays_at_Il_Forno_-_Cheesecake_with_strawberry_sauce.jpg,"<a rel=""nofollow"" class=""external text"" href=""https://flickr.com/people/14134991@N02"">Alex Dugger</a>",cc by 2.0,Wikimedia Commons,2026-08-18
bazlama,https://commons.wikimedia.org/wiki/File:Bazlama_and_butter.jpg,"<a href=""//commons.wikimedia.org/wiki/User:E4024"" class=""mw-redirect"" title=""User:E4024"">E4024</a>",cc by-sa 4.0,Wikimedia Commons,2026-09-09
bbq-soslu-firin-tavuk,https://commons.wikimedia.org/wiki/File:Entire_roasted_chicken.jpg,"<a href=""//commons.wikimedia.org/wiki/User:E4024"" class=""mw-redirect"" title=""User:E4024"">E4024</a>",cc by-sa 4.0,Wikimedia Commons,2026-08-18
bes-malzemeli-tavuk-noodle-tava,https://commons.wikimedia.org/wiki/File:Chicken_noodle_stir_fry_(1028133664).jpg,"<a rel=""nofollow"" class=""external text"" href=""https://www.flickr.com/people/29949792@N00"">Father.Jack</a> from Coventry,",cc by 2.0,Wikimedia Commons,2026-09-10
besamelli-sebze-graten,https://commons.wikimedia.org/wiki/File:Cavolo_nero_gratin_in_wholemeal_spelt_and_oats_milk_b%C3%A9chamel_sauce_(8408978200).jpg,"<a rel=""nofollow"" class=""external text"" href=""https://www.flickr.com/people/35022955@N06"">Lablascovegmenu</a> from Londo",cc by 2.0,Wikimedia Commons,2026-08-18
beyran-corbasi,https://commons.wikimedia.org/wiki/File:Beyran.jpg,"<a href=""//commons.wikimedia.org/wiki/User:E4024"" class=""mw-redirect"" title=""User:E4024"">E4024</a>",cc by-sa 4.0,Wikimedia Commons,2026-08-18
bitter-sicak-cikolata,"https://commons.wikimedia.org/wiki/File:Dark_Hot_Chocolate,_San_Churro_Leederville,_2026_(01).jpg","<a href=""//commons.wikimedia.org/wiki/User:Bahnfrend"" title=""User:Bahnfrend"">Bahnfrend</a>",cc by-sa 4.0,Wikimedia Commons,2026-08-18
brokoli-corbasi,https://commons.wikimedia.org/wiki/File:Broccoli_soup_23_January_2025_Filipinas18.jpg,,cc by-sa 4.0,Wikimedia Commons,2026-08-18
buzlu-sutlu-soguk-kahve,https://commons.wikimedia.org/wiki/File:TW_%E5%8F%B0%E7%81%A3_Taiwan_%E5%8F%B0%E5%8C%97%E5%B8%82_Taipei_City_%E8%BF%91%E5%B0%8F%E5%B7%A8%E8%9B%8B%E9%AB%94%E8%82%B2%E9%A4%A8_nearby_The_Area_shop_%E5%BE%88%E7%89%9B_TGF_%E7%82%AD%E7%87%92%E7%89%9B%E6%8E%92_The_GodBeef_steak_set_lunch_coffee_milky_ice_cream_August_2019_SSG_08.jpg,"<a href=""//commons.wikimedia.org/wiki/User:Anthony_Mariao_Summison"" title=""User:Anthony Mariao Summison"">Anthony Mariao ",cc by-sa 4.0,Wikimedia Commons,2026-08-18
cacik,https://commons.wikimedia.org/wiki/File:Cacik-1.jpg,"<a href=""//commons.wikimedia.org/wiki/User:Rainer_Zenz"" title=""User:Rainer Zenz"">Rainer Zenz</a>",cc by-sa 3.0,Wikimedia Commons,2026-08-18
cevizli-kadayif-dolmasi,https://www.flickr.com/photos/10559879@N00/521427464,avlxyz,by-sa,Openverse,2026-08-18
cevizli-kuru-incir-tatlisi,https://commons.wikimedia.org/wiki/File:Cevizli_incir.jpg,"<a href=""//commons.wikimedia.org/wiki/User:E4024"" class=""mw-redirect"" title=""User:E4024"">E4024</a>",cc by-sa 4.0,Wikimedia Commons,2026-09-09
cevizli-sucuk,"https://commons.wikimedia.org/wiki/File:Cevizli_Sucuk,_Ni%C4%9Fde_Bor.jpg","<a href=""//commons.wikimedia.org/w/index.php?title=User:Doktor800&amp;action=edit&amp;redlink=1"" class=""new"" title=""User",cc by-sa 4.0,Wikimedia Commons,2026-08-18
chili-con-carne,https://commons.wikimedia.org/wiki/File:Bowl_of_chili.jpg,"<a href=""https://de.wikipedia.org/wiki/Benutzer:Carstor"" class=""extiw"" title=""de:Benutzer:Carstor"">Carstor</a>",cc by-sa 2.5,Wikimedia Commons,2026-09-09
ciger-tava,https://commons.wikimedia.org/wiki/File:Freshippo_crispy_fried_chicken.jpg,"<a href=""//commons.wikimedia.org/wiki/User:Fumikas_Sagisavas"" title=""User:Fumikas Sagisavas"">Fumikas Sagisavas</a>",cc0,Wikimedia Commons,2026-09-09
cikolata-soslu-islak-kek,https://commons.wikimedia.org/wiki/File:Hazelnut_Chcoolate_Coffee_Cake.jpg,"<a href=""//commons.wikimedia.org/w/index.php?title=User:CakieBakie&amp;action=edit&amp;redlink=1"" class=""new"" title=""Use",cc by-sa 4.0,Wikimedia Commons,2026-09-10
cikolatali-sufle,https://commons.wikimedia.org/wiki/File:Chocolate_Souffl%C3%A9.jpg,"<a href=""//commons.wikimedia.org/wiki/User:ZhengZhou"" class=""mw-redirect"" title=""User:ZhengZhou"">ZhengZhou</a>",cc by-sa 4.0,Wikimedia Commons,2026-08-18
cilbir-klasik,https://commons.wikimedia.org/wiki/File:Boiled_egg_-_Two_pieces.jpg,"<a rel=""nofollow"" class=""external text"" href=""https://www.flickr.com/people/39107352@N08"">Ramesh NG</a>",cc by-sa 2.0,Wikimedia Commons,2026-08-18
cilek-muzlu-meyve-kupu,"https://commons.wikimedia.org/wiki/File:020260501_Chill,_cheap_%26_protein.jpg","<a href=""//commons.wikimedia.org/w/index.php?title=User:Auctor_quaerendae&amp;action=edit&amp;redlink=1"" class=""new"" tit",cc by-sa 4.0,Wikimedia Commons,2026-08-18
cilek-receli,https://commons.wikimedia.org/wiki/File:Comparison_of_Strawberry_Jam_and_Jelly.jpg,Alabama Extension,cc0,Wikimedia Commons,2026-08-18
cilekli-ev-dondurmasi,https://commons.wikimedia.org/wiki/File:005_Cornflower_petals_-_edible_flower_on_ice_cream.jpg,"Marek Ślusarczyk (<a href=""//commons.wikimedia.org/wiki/User:Tupungato"" title=""User:Tupungato"">Tupungato</a>) <a rel=""no",cc by 3.0,Wikimedia Commons,2026-08-18
cilekli-limonata,https://commons.wikimedia.org/wiki/File:Lemonade_with_strawberry.jpg,"<a href=""//commons.wikimedia.org/wiki/User:E4024"" class=""mw-redirect"" title=""User:E4024"">E4024</a>",cc by-sa 4.0,Wikimedia Commons,2026-08-18
cilekli-panna-cotta,https://www.flickr.com/photos/8514720@N04/5455688584,fred_v,by,Openverse,2026-08-18
cilekli-yas-pasta,https://www.flickr.com/photos/55768440@N00/6188554279,TheGirlsNY,by-sa,Openverse,2026-08-18
citir-parmesanli-firin-makarna,https://commons.wikimedia.org/wiki/File:2016_USDA_Farmers_Market_(20160923-AMS-LSC-0069).jpg,"<a rel=""nofollow"" class=""external text"" href=""https://www.flickr.com/people/usdagov/"">USDAgov</a>",public domain,Wikimedia Commons,2026-08-18
citir-tavuk-burger,https://commons.wikimedia.org/w/index.php?curid=8196042,FotoosVanRobin from Netherlands,by-sa,Openverse,2026-09-10
coban-salata,https://commons.wikimedia.org/wiki/File:Amanida_turca.jpg,"<a href=""//commons.wikimedia.org/wiki/User:E4024"" class=""mw-redirect"" title=""User:E4024"">E4024</a>",cc by-sa 4.0,Wikimedia Commons,2026-08-18
cokertme-kebabi,https://commons.wikimedia.org/w/index.php?curid=84360607,Jwslubbock,by-sa,Openverse,2026-09-09
dalyan-kofte,https://commons.wikimedia.org/wiki/File:Dalyan_-_detail.jpg,"<a href=""//commons.wikimedia.org/wiki/User:E4024"" class=""mw-redirect"" title=""User:E4024"">E4024</a>",cc by-sa 4.0,Wikimedia Commons,2026-08-18
damla-cikolatali-kek,https://commons.wikimedia.org/wiki/File:Batch_of_chocolate_chip_cookies.jpg,"<a rel=""nofollow"" class=""external text"" href=""https://www.flickr.com/people/95123580@N00"">pjmorse</a>",cc by-sa 2.0,Wikimedia Commons,2026-08-18
damla-sakizli-turk-kahvesi,https://commons.wikimedia.org/w/index.php?curid=24825,Oliver Merkel,by-sa,Openverse,2026-08-18
dana-rosto,https://commons.wikimedia.org/wiki/File:Assorted_Raw_Beef_Slices_for_Yakiniku.jpg,"<a href=""//commons.wikimedia.org/wiki/User:Ceeseven"" title=""User:Ceeseven"">Ceeseven</a>",cc by-sa 4.0,Wikimedia Commons,2026-09-09
domates-corbasi,https://commons.wikimedia.org/wiki/File:02026_Tomato_soup_with_Italian_pasta_on_a_bone_broth_base.jpg,"<a href=""//commons.wikimedia.org/w/index.php?title=User:Marsilar&amp;action=edit&amp;redlink=1"" class=""new"" title=""User:",cc by-sa 4.0,Wikimedia Commons,2026-09-10
domates-soslu-kiymali-makarna,https://www.flickr.com/photos/10559879@N00/4570999992,avlxyz,by-sa,Openverse,2026-09-10
ege-usulu-domates-dolmasi,https://www.flickr.com/photos/35903175@N02/4199022650,Scott Teresi,by-sa,Openverse,2026-08-18
ekmek-koftesi,https://commons.wikimedia.org/wiki/File:Mughlai_Kheema_Paratha.JPG,"<a href=""//commons.wikimedia.org/w/index.php?title=User:Vsigamany&amp;action=edit&amp;redlink=1"" class=""new"" title=""User",cc by-sa 4.0,Wikimedia Commons,2026-08-18
ekmek-tatlisi,https://commons.wikimedia.org/wiki/File:EKMEK.jpg,"<a href=""//commons.wikimedia.org/wiki/User:E4024"" class=""mw-redirect"" title=""User:E4024"">E4024</a>",cc by-sa 4.0,Wikimedia Commons,2026-08-18
eksili-kofte,https://commons.wikimedia.org/wiki/File:Eksili_kofte.jpg,"<a href=""//commons.wikimedia.org/wiki/User:E4024"" class=""mw-redirect"" title=""User:E4024"">E4024</a>",cc by-sa 4.0,Wikimedia Commons,2026-09-10
elmali-kirmizi-lahana-salatasi,https://commons.wikimedia.org/wiki/File:DZ3_0607_A_colorful_salad_bar_lined_with_fresh_toppings_-_cherry_tomatoes_shredded_carrots_corn_croutons_lettuce_and_an_array_of_vibrant_garnishes_ready_to_build_the_perfect_bowl.jpg,"<a rel=""nofollow"" class=""external text"" href=""https://www.flickr.com/people/PattayaPatrol/"">PattayaPatrol</a>",cc by-sa 4.0,Wikimedia Commons,2026-08-18
eristeli-yesil-mercimek-corbasi,https://commons.wikimedia.org/wiki/File:16_bean_soup_mix_01.jpg,"<a href=""//commons.wikimedia.org/wiki/User:Bean_appreciator"" title=""User:Bean appreciator"">Bean appreciator</a>",cc0,Wikimedia Commons,2026-08-18
et-haslama,https://www.flickr.com/photos/66787975@N00/367521922,Burger Baroness,by-sa,Openverse,2026-08-18
etli-biber-dolmasi,https://commons.wikimedia.org/w/index.php?curid=45197015,E4024,by-sa,Openverse,2026-09-09
etli-domates-dolmasi,https://commons.wikimedia.org/wiki/File:T%C3%BCrk_mutfa%C4%9F%C4%B1ndan_siirt_etli_dolmas%C4%B1.jpg,"<a href=""//commons.wikimedia.org/w/index.php?title=User:Yunusnky&amp;action=edit&amp;redlink=1"" class=""new"" title=""User:",cc by-sa 4.0,Wikimedia Commons,2026-08-18
etli-marul-sarmasi,https://www.flickr.com/photos/25128194@N02/5079847575,Vegan Feast Catering,by,Openverse,2026-08-18
etli-nohut,https://commons.wikimedia.org/wiki/File:Nohut_yahni.jpg,"<a href=""//commons.wikimedia.org/wiki/User:E4024"" class=""mw-redirect"" title=""User:E4024"">E4024</a>",cc by-sa 4.0,Wikimedia Commons,2026-08-18
etli-yaprak-sarma,https://commons.wikimedia.org/wiki/File:Etli_yaprak_sarma_(Ankara).jpg,"<a href=""//commons.wikimedia.org/wiki/User:E4024"" class=""mw-redirect"" title=""User:E4024"">E4024</a>",cc by-sa 4.0,Wikimedia Commons,2026-09-09
etsiz-cig-kofte,https://commons.wikimedia.org/wiki/File:%C3%87i%C4%9F_k%C3%B6fte_in_Fatih.jpg,"<a href=""//commons.wikimedia.org/wiki/User:Kad%C4%B1"" title=""User:Kadı"">Kadı</a>",cc by 4.0,Wikimedia Commons,2026-08-18
ev-ayrani,"https://commons.wikimedia.org/wiki/File:Cup_of_frothy_coffee,_Cafe_Express,_York_Way,_London,_England.jpg","<a href=""//commons.wikimedia.org/wiki/User:Acabashi"" title=""User:Acabashi"">Acabashi</a>",cc by-sa 4.0,Wikimedia Commons,2026-09-09
ev-ekmegi,https://commons.wikimedia.org/wiki/File:Az_Tandoor_e-citizen.jpg,"<a href=""//commons.wikimedia.org/wiki/User:Moonsun1981"" title=""User:Moonsun1981"">Moonsun1981</a>",cc by-sa 3.0,Wikimedia Commons,2026-09-09
ev-usulu-ekler,https://commons.wikimedia.org/wiki/File:Eclair_au_cafe_make_hk.jpg,"<a href=""//commons.wikimedia.org/wiki/User:SUBARU_sti_2020"" title=""User:SUBARU sti 2020"">SUBARU sti 2020</a>",cc by-sa 4.0,Wikimedia Commons,2026-09-09
ev-usulu-iskender,https://commons.wikimedia.org/wiki/File:Ginger_chicken_(3168342551).jpg,"<a rel=""nofollow"" class=""external text"" href=""https://www.flickr.com/people/78011127@N00"">Ginny</a>",cc by-sa 2.0,Wikimedia Commons,2026-08-18
ev-usulu-tavuk-doner,https://www.flickr.com/photos/47123049@N07/4386948719,Cooking With Lon,by,Openverse,2026-08-18
ev-yapimi-mac-and-cheese,https://commons.wikimedia.org/wiki/File:BakedZiti_2025-12-04.jpg,"<a href=""//commons.wikimedia.org/w/index.php?title=User:SpencerWMartin&amp;action=edit&amp;redlink=1"" class=""new"" title=",cc0,Wikimedia Commons,2026-08-18
evde-simit,https://commons.wikimedia.org/wiki/File:Sel_Roti_(Traditional_Nepali_Rice_Bread).jpg,"<a href=""//commons.wikimedia.org/wiki/User:SristiAwasthi21"" title=""User:SristiAwasthi21"">SristiAwasthi21</a>",cc0,Wikimedia Commons,2026-08-18
ezogelin-corbasi,https://commons.wikimedia.org/wiki/File:Ezo_gelin_soup.jpg,"<a href=""//commons.wikimedia.org/wiki/User:E4024"" class=""mw-redirect"" title=""User:E4024"">E4024</a>",cc by-sa 4.0,Wikimedia Commons,2026-08-18
fava,https://commons.wikimedia.org/wiki/File:Fava_Schinoussa.jpg,"<a href=""//commons.wikimedia.org/w/index.php?title=User:Waldviertler&amp;action=edit&amp;redlink=1"" class=""new"" title=""U",cc by-sa 4.0,Wikimedia Commons,2026-08-18
firik-pilavi,https://commons.wikimedia.org/wiki/File:Firik_pilav%C4%B1.jpg,"<a href=""//commons.wikimedia.org/w/index.php?title=User:Masisoz&amp;action=edit&amp;redlink=1"" class=""new"" title=""User:M",cc by-sa 4.0,Wikimedia Commons,2026-09-09
firin-mantar-dolmasi,"https://commons.wikimedia.org/wiki/File:Baorangia_bicolor_(Kuntze)_G._Wu,_Halling_%26_Zhu_L._Yang_635236_2016-07-13.jpg","This image was created by user <a rel=""nofollow"" class=""external text"" href=""https://mushroomobserver.org/observer/show_",cc by-sa 3.0,Wikimedia Commons,2026-08-18
firin-sutlac,https://commons.wikimedia.org/wiki/File:Baked_Rice_Pudding.jpg,"<a href=""//commons.wikimedia.org/w/index.php?title=User:DuncanHarris&amp;action=edit&amp;redlink=1"" class=""new"" title=""U",cc by-sa 3.0,Wikimedia Commons,2026-08-18
firinda-baharatli-tavuk-sebze,https://www.flickr.com/photos/66142667@N00/4242316353,Jason Riedy,by,Openverse,2026-09-09
firinda-elma-tatlisi,https://commons.wikimedia.org/wiki/File:Apple_cake_with_vanilla_ice_cream_2.jpg,"<a href=""//commons.wikimedia.org/wiki/User:W.carter"" title=""User:W.carter"">W.carter</a>",cc0,Wikimedia Commons,2026-09-09
firinda-nachos,https://commons.wikimedia.org/wiki/File:Doritos_Rayagada_Odisha_0007.jpg,"<a href=""//commons.wikimedia.org/w/index.php?title=User:Lopanayak&amp;action=edit&amp;redlink=1"" class=""new"" title=""User",cc by-sa 4.0,Wikimedia Commons,2026-08-18
firinda-sucuklu-patates,https://wordpress.org/photos/photo/32068ae753/,Faisal Ahammad,cc0,Openverse,2026-08-18
firinda-tavuk-but-patatesli,https://commons.wikimedia.org/wiki/File:F%C4%B1r%C4%B1nda_Domates_Soslu_Tavuk_Baget.jpg,Samizambak,cc by-sa 4.0,Wikimedia Commons,2026-08-18
firinsiz-limonlu-cheesecake-kupu,https://commons.wikimedia.org/wiki/File:0stkaka.jpg,"<a rel=""nofollow"" class=""external text"" href=""https://flickr.com/people/67047805@N00"">Frugan</a>",cc by 2.0,Wikimedia Commons,2026-08-18
fistikli-burma-kadayif,https://commons.wikimedia.org/wiki/File:F%C4%B1st%C4%B1kl%C4%B1_%C3%87ubuk_Burma_Kaday%C4%B1f2.jpg,"<a href=""//commons.wikimedia.org/w/index.php?title=User:Mehmetabdukaya&amp;action=edit&amp;redlink=1"" class=""new"" title=",cc by-sa 4.0,Wikimedia Commons,2026-08-18
guacamole,https://commons.wikimedia.org/wiki/File:Guacamole_-_La_Casa_Restaurant_-_January_2023_-_Sarah_Stierch.jpg,"<a href=""//commons.wikimedia.org/wiki/User:Missvain"" title=""User:Missvain"">Missvain</a>",cc by 4.0,Wikimedia Commons,2026-08-18
gullac,https://commons.wikimedia.org/wiki/File:Gullac.jpg,"<a href=""//commons.wikimedia.org/wiki/User:E4024"" class=""mw-redirect"" title=""User:E4024"">E4024</a>",cc by-sa 4.0,Wikimedia Commons,2026-08-18
hamsi-tava,"https://commons.wikimedia.org/wiki/File:Hamsi_tava,_roka,_lemon_and_red_onions.jpg","<a href=""//commons.wikimedia.org/wiki/User:E4024"" class=""mw-redirect"" title=""User:E4024"">E4024</a>",cc by-sa 4.0,Wikimedia Commons,2026-09-09
hamsili-pilav,https://commons.wikimedia.org/wiki/File:Hamsili_pilav.jpg,"<a href=""//commons.wikimedia.org/wiki/User:E4024"" class=""mw-redirect"" title=""User:E4024"">E4024</a>",cc by-sa 4.0,Wikimedia Commons,2026-08-18
hanim-gobegi,https://commons.wikimedia.org/wiki/File:Lokma_in_%C4%B0zmir.jpg,Scott Dexter,cc by-sa 2.0,Wikimedia Commons,2026-08-18
hasanpasa-koftesi,https://commons.wikimedia.org/wiki/File:Hasanpasa_-_pilav.jpg,"<a href=""//commons.wikimedia.org/wiki/User:E4024"" class=""mw-redirect"" title=""User:E4024"">E4024</a>",cc by-sa 4.0,Wikimedia Commons,2026-09-09
hashasli-corek,https://commons.wikimedia.org/wiki/File:2021-04-04_acma_zeytinli_02_cut.jpg,"<a href=""//commons.wikimedia.org/wiki/User:Meskalam"" title=""User:Meskalam"">Meskalam</a>",cc by-sa 4.0,Wikimedia Commons,2026-08-18
havuclu-cevizli-kek,https://www.flickr.com/photos/95142644@N00/52144679183,Ruth and Dave,by,Openverse,2026-08-18
haydari,https://commons.wikimedia.org/wiki/File:Haydari_(9150238131).jpg,"<a rel=""nofollow"" class=""external text"" href=""https://www.flickr.com/people/87232391@N00"">Charles Haynes</a> from Hobart",cc by-sa 2.0,Wikimedia Commons,2026-09-10
hindistan-cevizli-tavuk-kori,https://commons.wikimedia.org/wiki/File:A_Chinese_Steamed_Chicken_dishes_from_Peony_Golden_Court_Yuen_Long.jpg,"<a href=""//commons.wikimedia.org/wiki/User:Peachyeung316"" title=""User:Peachyeung316"">Peachyeung316</a>",cc by-sa 4.0,Wikimedia Commons,2026-09-09
hosmerim,https://commons.wikimedia.org/wiki/File:Ev_yap%C4%B1m%C4%B1_h%C3%B6%C5%9Fmerim.jpg,"<a href=""//commons.wikimedia.org/w/index.php?title=User:Bilirmehmet&amp;action=edit&amp;redlink=1"" class=""new"" title=""Us",cc by-sa 4.0,Wikimedia Commons,2026-08-18
hunkar-begendi,https://commons.wikimedia.org/wiki/File:Hunkarbegendi.jpg,"<a href=""//commons.wikimedia.org/wiki/User:Dogayali"" title=""User:Dogayali"">www.lezzetcatering.com</a>",cc by-sa 3.0,Wikimedia Commons,2026-09-09
ic-pilav,https://commons.wikimedia.org/wiki/File:Kavurma_ve_i%C3%A7li_pilav.jpg,"<a href=""//commons.wikimedia.org/wiki/User:E4024"" class=""mw-redirect"" title=""User:E4024"">E4024</a>",cc by-sa 4.0,Wikimedia Commons,2026-08-18
icli-kofte-haslama,https://commons.wikimedia.org/wiki/File:Brown_glass_oval_MET_DP142600.jpg,,cc0,Wikimedia Commons,2026-09-09
imam-bayildi,https://commons.wikimedia.org/wiki/File:Home-made_Turkish_food.jpg,"<a href=""//commons.wikimedia.org/wiki/User:E4024"" class=""mw-redirect"" title=""User:E4024"">E4024</a>",cc by-sa 4.0,Wikimedia Commons,2026-08-18
incir-uyutmasi,https://commons.wikimedia.org/wiki/File:Cooking_uyutma.jpg,"<a href=""//commons.wikimedia.org/wiki/User:E4024"" class=""mw-redirect"" title=""User:E4024"">E4024</a>",cc by-sa 4.0,Wikimedia Commons,2026-09-09
irmik-helvasi,https://commons.wikimedia.org/wiki/File:Dondurmal%C4%B1_irmik.jpg,"<a href=""//commons.wikimedia.org/wiki/User:E4024"" class=""mw-redirect"" title=""User:E4024"">E4024</a>",cc by-sa 4.0,Wikimedia Commons,2026-09-09
iskembe-corbasi,https://commons.wikimedia.org/wiki/File:Details_of_a_tripe_soup.jpg,"<a href=""//commons.wikimedia.org/wiki/User:E4024"" class=""mw-redirect"" title=""User:E4024"">E4024</a>",cc by-sa 4.0,Wikimedia Commons,2026-08-18
islak-brownie,https://www.flickr.com/photos/47149893@N07/15410404930,Kelly Hunter,by,Openverse,2026-08-18
islak-hamburger,https://commons.wikimedia.org/wiki/File:Islak_hamburger_istanbul_2023.jpg,,cc by-sa 4.0,Wikimedia Commons,2026-08-18
ispanakli-yumurta,https://commons.wikimedia.org/wiki/File:20240812_Ispanakl%C4%B1_Yumurta_Restaurant_LaFemme_Berlin_anagoria.jpg,"<a href=""//commons.wikimedia.org/wiki/User:Anagoria"" title=""User:Anagoria"">Anagoria</a>",cc by-sa 4.0,Wikimedia Commons,2026-09-09
izgara-tavuklu-bulgur-kase,https://commons.wikimedia.org/wiki/File:Chiken_Steaks_in_Pakistan.jpg,"<a href=""//commons.wikimedia.org/wiki/User:FarhanTahir90"" title=""User:FarhanTahir90"">FarhanTahir90</a>",cc by 3.0,Wikimedia Commons,2026-09-09
izmir-kofte,https://commons.wikimedia.org/wiki/File:Izmir_kofte.jpg,"<a href=""//commons.wikimedia.org/wiki/User:E4024"" class=""mw-redirect"" title=""User:E4024"">E4024</a>",cc by-sa 4.0,Wikimedia Commons,2026-08-18
kabak-mucveri,https://commons.wikimedia.org/w/index.php?curid=40531023,"William Neuheisel from DC, US",by,Openverse,2026-09-09
kabak-tatlisi,https://commons.wikimedia.org/wiki/File:Kabak_and_kaymak.jpg,"<a href=""//commons.wikimedia.org/wiki/User:E4024"" class=""mw-redirect"" title=""User:E4024"">E4024</a>",cc by-sa 4.0,Wikimedia Commons,2026-08-18
kadinbudu-kofte,https://commons.wikimedia.org/wiki/File:Kad%C4%B1nbudu_and_dolma.jpg,"<a href=""//commons.wikimedia.org/wiki/User:E4024"" class=""mw-redirect"" title=""User:E4024"">E4024</a>",cc by-sa 4.0,Wikimedia Commons,2026-09-09
kagit-kebabi,https://commons.wikimedia.org/wiki/File:Kag%C4%B1t_kebab%C4%B1.jpg,"<a href=""//commons.wikimedia.org/wiki/User:E4024"" class=""mw-redirect"" title=""User:E4024"">E4024</a>",cc by-sa 4.0,Wikimedia Commons,2026-08-18
kahvaltilik-patates-kavurmasi,https://commons.wikimedia.org/wiki/File:20160923-AMS-LSC-0147.jpg,U.S. Department of Agriculture,public domain,Wikimedia Commons,2026-09-10
kahvaltilik-zeytin-ezmesi,https://www.flickr.com/photos/54549113@N00/54011583149,Haydn Blackey,by-sa,Openverse,2026-08-18
kahveli-milkshake,https://commons.wikimedia.org/wiki/File:DFC_0816_A_close-up_of_a_hand_holding_a_plastic_cup_while_a_chocolatey_smoothie_is_poured_over_ice_from_a_blender.jpg,"<a rel=""nofollow"" class=""external text"" href=""https://www.flickr.com/people/PattayaPatrol/"">PattayaPatrol</a>",cc by-sa 4.0,Wikimedia Commons,2026-08-18
kakaolu-rulo-pasta,https://commons.wikimedia.org/wiki/File:050_of_365_(6906998839).jpg,"<a rel=""nofollow"" class=""external text"" href=""https://www.flickr.com/people/37161567@N04"">Incredibly Numing</a>",cc by 2.0,Wikimedia Commons,2026-08-18
kakaolu-yulaf-toplari,"https://commons.wikimedia.org/wiki/File:Cereal_a_base_de_chocolat_noir,_d%27avoine,_de_noix_de_cajon_et_de_poudre_de_cacao_fait_au_S%C3%A9n%C3%A9gal_11.jpg","<a href=""//commons.wikimedia.org/w/index.php?title=User:Wuzyprod&amp;action=edit&amp;redlink=1"" class=""new"" title=""User:",cc by-sa 4.0,Wikimedia Commons,2026-09-09
kalan-yufkadan-kol-boregi,https://commons.wikimedia.org/wiki/File:JOH_8517_-_Pho_Kim_Long_Restaurant.jpg,star5112,cc by-sa 2.0,Wikimedia Commons,2026-09-09
kalburabasti,https://commons.wikimedia.org/wiki/File:Dolci_turchi.jpg,"<a href=""//commons.wikimedia.org/wiki/User:Marica_Massaro"" title=""User:Marica Massaro"">Marica Massaro</a>",cc by-sa 4.0,Wikimedia Commons,2026-09-09
karalahana-corbasi,https://commons.wikimedia.org/wiki/File:Pancar_soup.jpg,"<a href=""//commons.wikimedia.org/wiki/User:E4024"" class=""mw-redirect"" title=""User:E4024"">E4024</a>",cc by-sa 4.0,Wikimedia Commons,2026-08-18
karalahana-diblesi,https://commons.wikimedia.org/wiki/File:Biryani_Rice_with_Goat_Masala_and_Lamb_Rogan_Josh_-_Zam_Zam_(415375255).jpg,"<a rel=""nofollow"" class=""external text"" href=""https://www.flickr.com/people/10559879@N00"">Alpha</a> from Melbourne, Aust",cc by-sa 2.0,Wikimedia Commons,2026-09-09
karalahana-sarmasi,https://commons.wikimedia.org/wiki/File:Kara_lahana_sarma.jpg,"<a href=""//commons.wikimedia.org/wiki/User:E4024"" class=""mw-redirect"" title=""User:E4024"">E4024</a>",cc by-sa 4.0,Wikimedia Commons,2026-08-18
karamelize-biskuvili-kup,https://commons.wikimedia.org/wiki/File:A_glass_of_Halo-Halo_(shaved_or_crushed_ice_dessert_in_the_Philippines).jpg,"<a href=""//commons.wikimedia.org/wiki/User:Asecretfanfare"" title=""User:Asecretfanfare"">Asecretfanfare</a>",cc by-sa 4.0,Wikimedia Commons,2026-09-09
karniyarik,https://commons.wikimedia.org/wiki/File:Food_not_well-prepared.jpg,"<a href=""//commons.wikimedia.org/wiki/User:E4024"" class=""mw-redirect"" title=""User:E4024"">E4024</a>",cc by-sa 4.0,Wikimedia Commons,2026-08-18
kasarli-pide,https://commons.wikimedia.org/wiki/File:Inegol_kofte.jpg,"<a href=""//commons.wikimedia.org/wiki/User:E4024"" class=""mw-redirect"" title=""User:E4024"">E4024</a>",cc by-sa 4.0,Wikimedia Commons,2026-09-09
kavanozda-nohutlu-salata,https://commons.wikimedia.org/w/index.php?curid=7711122,JaguarJulie,by-sa,Openverse,2026-08-18
kavanozda-ton-balikli-makarna,https://commons.wikimedia.org/wiki/File:Mary%27s_lasagne_and_salad_(3248966423).jpg,"<a rel=""nofollow"" class=""external text"" href=""https://www.flickr.com/people/54359128@N00"">Geoff Peters</a> from Vancouve",cc by 2.0,Wikimedia Commons,2026-08-18
kaygana-saray,https://www.flickr.com/photos/10559879@N00/4804266699,avlxyz,by-sa,Openverse,2026-08-18
kayisi-receli,"https://commons.wikimedia.org/wiki/File:-2020-11-14_Homemade_Apricot_Jam,_Trimingham.JPG","<table style=""margin: 1.5em auto; width:60%; background-color:#CCCCCC; border:2px solid #aaaaaa; padding:1px;"" cellspaci",cc by-sa 4.0,Wikimedia Commons,2026-09-09
kaymakli-kuru-kayisi-tatlisi,https://pixabay.com/photos/apricots-tropical-fruits-fruits-1556851/,PIRO4D,Pixabay License,Pixabay,2026-09-09
kayseri-yaglamasi,https://commons.wikimedia.org/wiki/File:Kayseri_ya%C4%9Flamas%C4%B1.jpg,"<a href=""//commons.wikimedia.org/wiki/User:E4024"" class=""mw-redirect"" title=""User:E4024"">E4024</a>",cc by-sa 4.0,Wikimedia Commons,2026-08-18
kazandibi,https://commons.wikimedia.org/wiki/File:Kazandibi_(Borsa).jpg,"<a href=""//commons.wikimedia.org/wiki/User:E4024"" class=""mw-redirect"" title=""User:E4024"">E4024</a>",cc by-sa 4.0,Wikimedia Commons,2026-08-18
kemalpasa-tatlisi,https://commons.wikimedia.org/wiki/File:Gulab_Jamun_-_Best_dessert.JPG,"<a href=""//commons.wikimedia.org/w/index.php?title=User:Avinashvh1n1&amp;action=edit&amp;redlink=1"" class=""new"" title=""U",cc by-sa 4.0,Wikimedia Commons,2026-09-09
kesme-corbasi,https://commons.wikimedia.org/w/index.php?curid=48547781,E4024,by-sa,Openverse,2026-08-18
kirmizi-lahanali-coleslaw,https://commons.wikimedia.org/wiki/File:Cute_chickies_bento_(explored)_-_Flickr_-_gamene.jpg,"<a rel=""nofollow"" class=""external text"" href=""https://www.flickr.com/people/12670507@N02"">gamene</a>",cc by 2.0,Wikimedia Commons,2026-08-18
kisir,https://commons.wikimedia.org/wiki/File:Kisir.jpg,"<a href=""//commons.wikimedia.org/wiki/User:Noumenon"" title=""User:Noumenon"">Noumenon</a>",cc by-sa 3.0,Wikimedia Commons,2026-08-18
kislik-sebzeli-guvec,https://www.flickr.com/photos/94549249@N00/4082087960,andybullock77,by,Openverse,2026-08-18
kiymali-besamelli-firin-makarna,https://www.flickr.com/photos/53771866@N05/6136126506,nist6ss,by-sa,Openverse,2026-09-10
kiymali-bezelye,"https://commons.wikimedia.org/wiki/File:Courgette,_Pea_%26_Mint_Soup_-_Brooklands_Cafe_2026-05-15.jpg","<a href=""//commons.wikimedia.org/wiki/User:Onthewings"" title=""User:Onthewings"">Andy Li</a>",cc0,Wikimedia Commons,2026-08-18
kiymali-gozleme,https://commons.wikimedia.org/wiki/File:G%C3%B6zlemeAusbacken.jpg,"<a href=""//commons.wikimedia.org/wiki/User:Mussklprozz"" title=""User:Mussklprozz"">Mussklprozz</a>",cc by-sa 3.0,Wikimedia Commons,2026-08-18
kiymali-ispanak,https://commons.wikimedia.org/wiki/File:Ispanak_yeme%C4%9Fi.jpg,"<a href=""//commons.wikimedia.org/wiki/User:E4024"" class=""mw-redirect"" title=""User:E4024"">E4024</a>",cc by-sa 4.0,Wikimedia Commons,2026-09-09
kiymali-kabak-dolmasi,https://commons.wikimedia.org/wiki/File:Etli_kabak_%C3%A7i%C3%A7e%C4%9Fi_dolmas%C4%B1.jpg,"<a href=""//commons.wikimedia.org/wiki/User:E4024"" class=""mw-redirect"" title=""User:E4024"">E4024</a>",cc by-sa 4.0,Wikimedia Commons,2026-09-09
kiymali-karnabahar-yemegi,https://commons.wikimedia.org/wiki/File:19_-_cauliflower.jpg,"<a href=""//commons.wikimedia.org/wiki/User:Susan_Slater"" title=""User:Susan Slater"">Susan Slater</a>",cc by-sa 4.0,Wikimedia Commons,2026-09-09
kiymali-lahana-sarma,https://commons.wikimedia.org/wiki/File:Etli_lahana_sarma.jpg,"<a href=""//commons.wikimedia.org/wiki/User:E4024"" class=""mw-redirect"" title=""User:E4024"">E4024</a>",cc by-sa 4.0,Wikimedia Commons,2026-08-18
kiymali-pide,https://commons.wikimedia.org/wiki/File:Kiymalipide2.jpg,"<a href=""https://tr.wikipedia.org/wiki/Kullan%C4%B1c%C4%B1:Sadikaltiparmak"" class=""extiw"" title=""tr:Kullanıcı:Sadikaltip",cc by-sa 3.0,Wikimedia Commons,2026-08-18
kiymali-pirasa,"https://commons.wikimedia.org/wiki/File:And_a_somewhat_photogenic_slice_of_the_action._Mushroom,_leek_and_spinach_cannelloni._-mycookingadventures_-vegcookingadventures_(48692499733).jpg","<a rel=""nofollow"" class=""external text"" href=""https://www.flickr.com/people/40567405@N07"">transcendancing</a>",cc by-sa 2.0,Wikimedia Commons,2026-09-09
kiymali-taco,https://www.flickr.com/photos/38142119@N00/14962860125,The Marmot,by,Openverse,2026-08-18
kiymali-taze-kabak,https://www.flickr.com/photos/78428166@N00/3732916395,Tobyotter,by,Openverse,2026-08-18
klasik-turk-kahvesi,https://commons.wikimedia.org/wiki/File:Coffee_(6138972511).jpg,"<a rel=""nofollow"" class=""external text"" href=""https://www.flickr.com/people/38559542@N02"">Leslie Seaton</a> from Seattle",cc by 2.0,Wikimedia Commons,2026-09-10
konya-etli-ekmek,https://commons.wikimedia.org/wiki/File:Etli_ekmek_in_Konya_turkey_By_Mardetanha_(11).JPG,"<a href=""//commons.wikimedia.org/wiki/User:Mardetanha"" title=""User:Mardetanha"">Mardetanha</a>",cc by-sa 3.0,Wikimedia Commons,2026-08-18
konya-firin-kebabi,https://commons.wikimedia.org/wiki/File:Konya_style_kuzu_tand%C4%B1r.jpg,"<a href=""//commons.wikimedia.org/wiki/User:E4024"" class=""mw-redirect"" title=""User:E4024"">E4024</a>",cc by-sa 4.0,Wikimedia Commons,2026-09-09
kore-usulu-yapiskan-aci-tavuk,https://commons.wikimedia.org/wiki/File:BBQ_Chicken_and_Crispy_Pork_Rice_-_Coconut_House_AUD8.50_(3313929374).jpg,"<a rel=""nofollow"" class=""external text"" href=""https://www.flickr.com/people/10559879@N00"">Alpha</a> from Melbourne, Aust",cc by-sa 2.0,Wikimedia Commons,2026-08-18
krem-karamel,https://commons.wikimedia.org/wiki/File:Caramel_Custard_Dessert.jpg,"<a href=""//commons.wikimedia.org/w/index.php?title=User:AlekhyaDas&amp;action=edit&amp;redlink=1"" class=""new"" title=""Use",cc by-sa 4.0,Wikimedia Commons,2026-09-09
kremali-mantarli-makarna,https://commons.wikimedia.org/wiki/File:Kremal%C4%B1_Mantarl%C4%B1_Tavuklu_Makarna.jpg,"<a href=""//commons.wikimedia.org/w/index.php?title=User:Samizambak&amp;action=edit&amp;redlink=1"" class=""new"" title=""Use",cc by-sa 4.0,Wikimedia Commons,2026-08-18
kunefe,https://commons.wikimedia.org/wiki/File:F%C4%B1st%C4%B1kl%C4%B1_k%C3%BCnefe_in_Ankara.jpg,"<a href=""//commons.wikimedia.org/wiki/User:E4024"" class=""mw-redirect"" title=""User:E4024"">E4024</a>",cc by-sa 4.0,Wikimedia Commons,2026-08-18
kuru-fasulye,https://commons.wikimedia.org/wiki/File:Dana_etli_kuru_fasulye.jpg,"<a href=""//commons.wikimedia.org/wiki/User:E4024"" class=""mw-redirect"" title=""User:E4024"">E4024</a>",cc by-sa 4.0,Wikimedia Commons,2026-08-18
kusburnu-cayi,https://commons.wikimedia.org/wiki/File:Rosehiptea.png,"<a href=""//commons.wikimedia.org/w/index.php?title=User:Guigui575&amp;action=edit&amp;redlink=1"" class=""new"" title=""User",public domain,Wikimedia Commons,2026-08-18
kuzu-guvec,https://commons.wikimedia.org/wiki/File:Sebzeli_Kuzu_g%C3%BCvec_-_Lammfleischauflauf.JPG,"<a href=""//commons.wikimedia.org/wiki/User:Dr._Bernd_Gross"" title=""User:Dr. Bernd Gross"">Dr. Bernd Gross</a>",cc by-sa 3.0,Wikimedia Commons,2026-08-18
laz-boregi,"https://commons.wikimedia.org/wiki/File:Galaktoboureko_doughnut_from_Oakleigh_Doughnut_Company,_Richmond.jpg",Philip Mallis,cc by-sa 2.0,Wikimedia Commons,2026-08-18
limonlu-kek,https://commons.wikimedia.org/wiki/File:Jelly_wolke_lemon_cake.jpg,Samizambak,cc by-sa 4.0,Wikimedia Commons,2026-08-18
lor-peynirli-ege-salatasi,https://commons.wikimedia.org/wiki/File:Caprese-1.jpg,"<a href=""//commons.wikimedia.org/wiki/User:Rainer_Zenz"" title=""User:Rainer Zenz"">Rainer Zenz</a>",cc by-sa 3.0,Wikimedia Commons,2026-08-18
mantarli-risotto,https://www.flickr.com/photos/10559879@N00/3242824038,avlxyz,by-sa,Openverse,2026-08-18
mantarli-sahanda-yumurta,https://commons.wikimedia.org/wiki/File:43._Timlo_1.jpg,"<a href=""//commons.wikimedia.org/wiki/User:Danangtrihartanto"" class=""mw-redirect"" title=""User:Danangtrihartanto"">Danangt",cc by-sa 4.0,Wikimedia Commons,2026-08-18
manti,https://commons.wikimedia.org/wiki/File:Manti_-_oval_plate.jpg,"<a href=""//commons.wikimedia.org/wiki/User:E4024"" class=""mw-redirect"" title=""User:E4024"">E4024</a>",cc by-sa 4.0,Wikimedia Commons,2026-08-18
manti-hamurlu-tava-gyoza,https://pixabay.com/photos/food-meal-lunch-chinese-restaurant-5589931/,MomoKing,Pixabay License,Pixabay,2026-09-09
margherita-pizza,https://commons.wikimedia.org/wiki/File:DFC_2475_Hot_cheesy_ham_and_pineapple_pizza_fresh_from_the_oven_ready_to_be_served.jpg,"<a rel=""nofollow"" class=""external text"" href=""https://www.flickr.com/people/PattayaPatrol/"">PattayaPatrol</a>",cc by-sa 4.0,Wikimedia Commons,2026-08-18
meksika-fasulye-misir-salatasi,https://commons.wikimedia.org/wiki/File:Black-eyed_peas_salad_(6938556333).jpg,"<a rel=""nofollow"" class=""external text"" href=""https://www.flickr.com/people/75467868@N07"">Cooking etc.</a> from Athens, ",cc by 2.0,Wikimedia Commons,2026-08-18
mercimek-corbasi,https://commons.wikimedia.org/wiki/File:Homemade_Lentil_Soup_-_Lavash_2025-02-10.jpg,"<a href=""//commons.wikimedia.org/wiki/User:Onthewings"" title=""User:Onthewings"">Andy Li</a>",cc0,Wikimedia Commons,2026-09-09
mercimekli-bulgur-pilavi,https://commons.wikimedia.org/wiki/File:Antakya_Usul%C3%BC_Mercimekli_Bulgur_Pilav%C4%B1.png,"<a href=""//commons.wikimedia.org/w/index.php?title=User:Fatih_Sars%C4%B1lmaz&amp;action=edit&amp;redlink=1"" class=""new"" ",cc by-sa 4.0,Wikimedia Commons,2026-09-09
meyhane-pilavi,https://commons.wikimedia.org/wiki/File:Tavuklu_bulgur.jpg,"<a href=""//commons.wikimedia.org/wiki/User:E4024"" class=""mw-redirect"" title=""User:E4024"">E4024</a>",cc by-sa 4.0,Wikimedia Commons,2026-09-09
midye-dolma,https://commons.wikimedia.org/wiki/File:A_plate_of_%22midye_dolma%22.jpg,"<a href=""//commons.wikimedia.org/wiki/User:E4024"" class=""mw-redirect"" title=""User:E4024"">E4024</a>",cc by-sa 4.0,Wikimedia Commons,2026-08-18
mihlama,https://commons.wikimedia.org/wiki/File:Rize_Muhlamas%C4%B1.jpg,"<a href=""//commons.wikimedia.org/w/index.php?title=User:Aliaciktepe&amp;action=edit&amp;redlink=1"" class=""new"" title=""Us",cc by-sa 4.0,Wikimedia Commons,2026-08-18
milfoy-peynirli-citir-ucgen,https://commons.wikimedia.org/wiki/File:DFC_2103_Golden_flaky_croissant_pockets_filled_with_creamy_chicken_and_corn_finished_with_a_sprig_of_parsley.jpg,"<a rel=""nofollow"" class=""external text"" href=""https://www.flickr.com/people/PattayaPatrol/"">PattayaPatrol</a>",cc by-sa 4.0,Wikimedia Commons,2026-08-18
misir-ekmegi,https://commons.wikimedia.org/wiki/File:Anadama_bread_(1).jpg,"<a rel=""nofollow"" class=""external text"" href=""https://www.flickr.com/people/21001756@N06"">Stacy</a> from San Diego",cc by 2.0,Wikimedia Commons,2026-08-18
misir-unlu-lahana-dolmasi,"https://commons.wikimedia.org/wiki/File:Prawn_and_Chicken_Gyoza_-_Satsuki_AUD5,AUD4.50.jpg",avlxyz,cc by-sa 2.0,Wikimedia Commons,2026-09-09
misket-kofte,https://commons.wikimedia.org/wiki/File:DFC_4387_Savory_grilled_meatball_skewers_golden-brown_and_garnished_with_fresh_herbs_ready_to_enjoy.jpg,"<a rel=""nofollow"" class=""external text"" href=""https://www.flickr.com/people/PattayaPatrol/"">PattayaPatrol</a>",cc by-sa 4.0,Wikimedia Commons,2026-09-09
mozaik-pasta,https://commons.wikimedia.org/w/index.php?curid=127620628,Basak,by-sa,Openverse,2026-09-10
mutancana,https://commons.wikimedia.org/wiki/File:Mutancana.jpg,Garrett Ziegler,cc by-sa 4.0,Wikimedia Commons,2026-08-18
muzlu-ekmek-banana-bread,"https://commons.wikimedia.org/wiki/File:Banana_Bread,_Disney%E2%80%99s_Riviera_Resort.jpg","<a href=""//commons.wikimedia.org/wiki/User:(Oinkers42)"" title=""User:(Oinkers42)"">(Oinkers42)</a>",cc by 4.0,Wikimedia Commons,2026-09-09
muzlu-fistik-ezmeli-gece-yulafi,"https://commons.wikimedia.org/wiki/File:-2019-02-07_Overnight_Oats,_Cromer.JPG","<table style=""margin: 1.5em auto; width:60%; background-color:#CCCCCC; border:2px solid #aaaaaa; padding:1px;"" cellspaci",cc by-sa 4.0,Wikimedia Commons,2026-08-18
naneli-limonata,https://www.flickr.com/photos/88916555@N00/6175736836,ampersandyslexia,by-sa,Openverse,2026-09-10
naneli-sakiz-kabagi-sote,https://pixabay.com/photos/zucchinis-vegetables-green-fresh-1869941/,Pexels,Pixabay License,Pixabay,2026-09-09
nevzine,https://commons.wikimedia.org/wiki/File:Nevzine_tatl%C4%B1s%C4%B1_1.jpg,"<a href=""//commons.wikimedia.org/w/index.php?title=User:Tpinar&amp;action=edit&amp;redlink=1"" class=""new"" title=""User:Tp",cc by-sa 4.0,Wikimedia Commons,2026-09-09
new-york-cheesecake,https://commons.wikimedia.org/wiki/File:Chuckanut_Bay_Foods_New_York_Cheesecake_(29877843818).jpg,"<a rel=""nofollow"" class=""external text"" href=""https://www.flickr.com/people/85567416@N03"">Willis Lam</a>",cc by-sa 2.0,Wikimedia Commons,2026-09-10
nirbac,"https://commons.wikimedia.org/wiki/File:-2022-02-08_Cooking_Irish_Stew,_Trimingham,_Norfolk.JPG","<table style=""margin: 1.5em auto; width:60%; background-color:#CCCCCC; border:2px solid #aaaaaa; padding:1px;"" cellspaci",cc by-sa 4.0,Wikimedia Commons,2026-08-18
nohut-salatasi,https://www.flickr.com/photos/25128194@N02/5061157215,Vegan Feast Catering,by,Openverse,2026-08-18
nohutlu-ispanakli-tencere,https://commons.wikimedia.org/wiki/File:Traditional_Bengali_Thali_(veg).jpg,"<a href=""//commons.wikimedia.org/w/index.php?title=User:Chaitali_sarkar&amp;action=edit&amp;redlink=1"" class=""new"" title",cc by-sa 4.0,Wikimedia Commons,2026-08-18
orman-kebabi,https://commons.wikimedia.org/wiki/File:Bezelye_yeme%C4%9Fi.jpg,"<a href=""//commons.wikimedia.org/wiki/User:E4024"" class=""mw-redirect"" title=""User:E4024"">E4024</a>",cc by-sa 4.0,Wikimedia Commons,2026-09-09
pastirmali-sahanda-yumurta,https://commons.wikimedia.org/wiki/File:Fried_egg_sunny_side_up_.jpg,"<a href=""//commons.wikimedia.org/w/index.php?title=User:Kurt_Kaiser&amp;action=edit&amp;redlink=1"" class=""new"" title=""Us",cc0,Wikimedia Commons,2026-08-18
patates-salatasi,https://commons.wikimedia.org/w/index.php?curid=91442377,Basak,cc0,Openverse,2026-08-18
patatesli-yumurtali-oturtma,"https://commons.wikimedia.org/wiki/File:-2021-11-25_A_dish_of_Pan_haggerty,_Trimingham,_Norfolk_(1).JPG","<table style=""margin: 1.5em auto; width:60%; background-color:#CCCCCC; border:2px solid #aaaaaa; padding:1px;"" cellspaci",cc by-sa 4.0,Wikimedia Commons,2026-08-18
patlican-musakka,https://commons.wikimedia.org/wiki/File:Mousakas.jpg,"Fotograf: Dieter Mueller (<a href=""https://de.wikipedia.org/wiki/Benutzer:dino1948"" class=""extiw"" title=""de:Benutzer:din",cc by-sa 3.0,Wikimedia Commons,2026-08-18
patlicanli-osmanli-pilavi,"https://commons.wikimedia.org/wiki/File:Buttery_black_lentils,_papadum_with_mango-chili_chutney,_fake_Tandoori_chicken,_rice_(3224552135).jpg","<a rel=""nofollow"" class=""external text"" href=""https://www.flickr.com/people/37996627153@N01"">Jens Ohlig</a> from Bonn, G",cc by-sa 2.0,Wikimedia Commons,2026-09-09
patlicanli-soslu-makarna,https://commons.wikimedia.org/w/index.php?curid=188631546,PattayaPatrol,by-sa,Openverse,2026-08-18
pazili-ege-boregi,https://commons.wikimedia.org/wiki/File:Mabrousha_cake_with_strawberry_jam_-_Home_baked_Middle_Eastern_dessert.jpg,"<a href=""//commons.wikimedia.org/w/index.php?title=User:Hayan_Alhasan&amp;action=edit&amp;redlink=1"" class=""new"" title=""",cc by-sa 4.0,Wikimedia Commons,2026-08-18
pazili-misir-yemegi,"https://commons.wikimedia.org/wiki/File:DFC_5241-_Colorful_skewers_of_steamed_and_grilled_dim_sum_-_bright_yellow_siu_mai,_green_vegetable_dumplings,_seaweed-wrapped_bites_and_savory_meat_balls_-_ready_to_enjoy_at_a_bustling_Thai_street_food_stall.jpg",Pattaya Patrol,cc by-sa 4.0,Wikimedia Commons,2026-08-18
penne-arrabbiata,https://commons.wikimedia.org/wiki/File:Penne_Arrabbiata.jpg,"<a href=""//commons.wikimedia.org/wiki/User:PetarM"" title=""User:PetarM"">Petar Milošević</a>",cc by-sa 4.0,Wikimedia Commons,2026-08-18
perde-pilavi,https://commons.wikimedia.org/wiki/File:Perde_pilav.jpg,"<a href=""//commons.wikimedia.org/wiki/User:E4024"" class=""mw-redirect"" title=""User:E4024"">E4024</a>",cc by-sa 4.0,Wikimedia Commons,2026-08-18
peynirli-pogaca,https://commons.wikimedia.org/wiki/File:Peynirli_a%C3%A7ma_in_Ankara.jpg,"<a href=""//commons.wikimedia.org/wiki/User:E4024"" class=""mw-redirect"" title=""User:E4024"">E4024</a>",cc by-sa 4.0,Wikimedia Commons,2026-08-18
peynirli-sahanda-yumurta,https://commons.wikimedia.org/wiki/File:Sahanda_peynirli_yumurta.jpg,"<a href=""//commons.wikimedia.org/wiki/User:E4024"" class=""mw-redirect"" title=""User:E4024"">E4024</a>",cc by-sa 4.0,Wikimedia Commons,2026-08-18
piruhi,"https://commons.wikimedia.org/wiki/File:Pierogi,_Gniezno,_Polonia3.jpg","<bdi><a href=""https://www.wikidata.org/wiki/Q28147777"" class=""extiw"" title=""d:Q28147777""><span title=""Spanish photograph",cc by-sa 3.0,Wikimedia Commons,2026-08-18
portakalli-islak-kek,https://www.flickr.com/photos/57129820@N05/6040021426,jamieleecuerrier,by-sa,Openverse,2026-08-18
revani,https://commons.wikimedia.org/wiki/File:Basboosa.jpg,"<a rel=""nofollow"" class=""external text"" href=""https://www.flickr.com/people/35034346243@N01"">stu_spivack</a>",cc by-sa 2.0,Wikimedia Commons,2026-08-18
roka-pestolu-spagetti,https://commons.wikimedia.org/wiki/File:DFC_5021_A_savory_plate_of_spaghetti_topped_with_crispy_bacon_grated_cheese_and_a_sprig_of_fresh_parsley.jpg,"<a rel=""nofollow"" class=""external text"" href=""https://www.flickr.com/people/PattayaPatrol/"">PattayaPatrol</a>",cc by-sa 4.0,Wikimedia Commons,2026-09-09
rokali-parmesan-salatasi,https://www.flickr.com/photos/8021028@N06/5661593613,twistedstringknits,by,Openverse,2026-08-18
rus-salatasi,https://commons.wikimedia.org/wiki/File:2023_Sa%C5%82atka_jarzynowa_(1).jpg,"<a href=""//commons.wikimedia.org/wiki/User:Jacek_Halicki"" title=""User:Jacek Halicki"">Jacek Halicki</a>",cc by-sa 4.0,Wikimedia Commons,2026-08-18
sac-kavurma,https://commons.wikimedia.org/w/index.php?curid=44326790,E4024,by-sa,Openverse,2026-08-18
sakizli-muhallebi,https://commons.wikimedia.org/wiki/File:Muhallebi_with_mastic.jpg,"<a href=""//commons.wikimedia.org/wiki/User:E4024"" class=""mw-redirect"" title=""User:E4024"">E4024</a>",cc by-sa 4.0,Wikimedia Commons,2026-09-09
saksuka,https://commons.wikimedia.org/wiki/File:Eggplant_and_green_pepper_%C5%9Fak%C5%9Fuka_(shakshuka).jpg,"<a href=""//commons.wikimedia.org/wiki/User:E4024"" class=""mw-redirect"" title=""User:E4024"">E4024</a>",cc by-sa 4.0,Wikimedia Commons,2026-09-09
salep,https://commons.wikimedia.org/wiki/File:Hazir_salep.jpg,"The original uploader was <a href=""https://en.wikipedia.org/wiki/tr:User:Citrat"" class=""extiw"" title=""w:tr:User:Citrat"">",cc by-sa 3.0,Wikimedia Commons,2026-08-18
salepli-ev-dondurmasi,https://commons.wikimedia.org/wiki/File:Kitchen-Scooper-Large.jpg,"<a href=""//commons.wikimedia.org/wiki/User:Evan-Amos"" title=""User:Evan-Amos"">Evan-Amos</a>",public domain,Wikimedia Commons,2026-09-09
san-sebastian-cheesecake,https://commons.wikimedia.org/wiki/File:Basque-style_cheesecake_from_Japanese_convenience_stores.jpg,"<a href=""//commons.wikimedia.org/wiki/User:%E3%81%95%E3%81%88%E3%81%BC%E3%83%BC"" title=""User:さえぼー"">さえぼー</a>",cc by-sa 4.0,Wikimedia Commons,2026-09-09
sarimsakli-brokoli-sote,https://commons.wikimedia.org/wiki/File:DSCF1008_A_colorful_stir-fry_of_shrimp_broccoli_cauliflower_carrots_and_mushrooms_in_a_savory_sauce.jpg,"<a rel=""nofollow"" class=""external text"" href=""https://www.flickr.com/people/PattayaPatrol/"">PattayaPatrol</a>",cc by-sa 4.0,Wikimedia Commons,2026-08-18
sarimsakli-tirit-corbasi,https://commons.wikimedia.org/wiki/File:Song_dynasty%27s_%27Patriotic_soup%27_-Protect_the_Country_Dish_(%E8%AD%B7%E5%9C%8B%E8%8F%9C)_.jpg,"<a href=""//commons.wikimedia.org/w/index.php?title=User:NeoBatfreak&amp;action=edit&amp;redlink=1"" class=""new"" title=""Us",cc by-sa 4.0,Wikimedia Commons,2026-08-18
sebzeli-bulgur-pilavi,https://commons.wikimedia.org/wiki/File:Bulgur.JPG,"<a href=""https://en.wikipedia.org/wiki/sr:User:Maduixa"" class=""extiw"" title=""w:sr:User:Maduixa"">Maduixa</a> at <a href=""",public domain,Wikimedia Commons,2026-09-09
sebzeli-firin-makarna,"https://commons.wikimedia.org/wiki/File:Baked_Ziti_and_breadsticks,_Fazoli%27s.jpg","<a href=""//commons.wikimedia.org/wiki/User:Mjrmtg"" title=""User:Mjrmtg"">Michael Rivera</a>",cc by-sa 4.0,Wikimedia Commons,2026-09-10
sebzeli-kebap-dizmesi,https://www.flickr.com/photos/33398244@N00/13226310563,patrickkuhl,by,Openverse,2026-08-18
sebzeli-levrek-bugulama,https://www.flickr.com/photos/150012178@N06/50053996941,Acabashi,by,Openverse,2026-08-18
sebzeli-saray-guveci,"https://commons.wikimedia.org/wiki/File:Savory_vegetable_casserole_layered_with_carrots,_peas,_and_creamy_topping_served_in_a_glass_dish_on_a_wooden_table.jpg","<a href=""//commons.wikimedia.org/wiki/User:Shixart1985"" title=""User:Shixart1985"">Shixart1985</a>",cc by 2.0,Wikimedia Commons,2026-08-18
sebzeli-tavuk-guvec,https://www.flickr.com/photos/71401718@N00/2975811164,Wonderlane,by,Openverse,2026-08-18
sebzeli-yumurtali-pirinc-kasesi,https://commons.wikimedia.org/wiki/File:Chinese_Olive_Rice_-_Soup_Restaurant_(2500746236).jpg,"<a rel=""nofollow"" class=""external text"" href=""https://www.flickr.com/people/10559879@N00"">Alpha</a> from Melbourne, Aust",cc by-sa 2.0,Wikimedia Commons,2026-08-18
sehriyeli-pirinc-pilavi,https://commons.wikimedia.org/wiki/File:Arabic_Rice.jpg,"<a href=""//commons.wikimedia.org/wiki/User:Ayshamarjana"" title=""User:Ayshamarjana"">Ayshamarjana</a>",cc by-sa 4.0,Wikimedia Commons,2026-09-09
sekerpare,https://commons.wikimedia.org/wiki/File:Lokma_et_al.jpg,"<a href=""//commons.wikimedia.org/wiki/User:E4024"" class=""mw-redirect"" title=""User:E4024"">E4024</a>",cc by-sa 3.0,Wikimedia Commons,2026-09-09
sloppy-joe-sandvic,https://wordpress.org/photos/photo/4516920ae1/,Bigul Malayi,cc0,Openverse,2026-08-18
smash-burger,https://commons.wikimedia.org/wiki/File:C_N_Cheese_burger_and_%22smash_browns%22_at_BurgerFuel_(Courtenay_Place).jpg,"<a href=""//commons.wikimedia.org/wiki/User:Fourthords"" title=""User:Fourthords"">Fourthords</a>",cc by-sa 4.0,Wikimedia Commons,2026-09-09
soganli-ispanak-yemegi,https://www.flickr.com/photos/194424926@N05/54546185825,PattayaPatrol,by-sa,Openverse,2026-08-18
su-boregi,https://commons.wikimedia.org/w/index.php?curid=2804208,Maderibeyza,by-sa,Openverse,2026-08-18
sucuklu-makarna,https://commons.wikimedia.org/wiki/File:2016_USDA_Farmers_Market_(20160923-AMS-LSC-0090).jpg,"<a rel=""nofollow"" class=""external text"" href=""https://www.flickr.com/people/usdagov/"">USDAgov</a>",public domain,Wikimedia Commons,2026-08-18
sucuklu-peynirli-firin-yumurta,https://commons.wikimedia.org/wiki/File:2014-11-29-prato_salgado_da_culinaria_portuguesa.jpg,"<a href=""//commons.wikimedia.org/wiki/User:M._B.,_Jr."" title=""User:M. B., Jr."">M. B., Jr.</a>",cc by-sa 4.0,Wikimedia Commons,2026-08-18
sucuklu-yumurta,https://commons.wikimedia.org/wiki/File:Pan_with_sucuklu_yumurta.jpg,"<a href=""//commons.wikimedia.org/wiki/User:E4024"" class=""mw-redirect"" title=""User:E4024"">E4024</a>",cc by-sa 4.0,Wikimedia Commons,2026-09-09
sumakli-tepsi-koftesi,https://commons.wikimedia.org/wiki/File:She_has_(meat)balls_(2951329433).jpg,"<a rel=""nofollow"" class=""external text"" href=""https://www.flickr.com/people/78835633@N00"">Miia Ranta</a> from Finland",cc by-sa 2.0,Wikimedia Commons,2026-08-18
supangle,https://commons.wikimedia.org/wiki/File:Meyveli_muhallebi.jpg,"<a href=""//commons.wikimedia.org/wiki/User:E4024"" class=""mw-redirect"" title=""User:E4024"">E4024</a>",cc by-sa 4.0,Wikimedia Commons,2026-09-09
sutlu-nuriye,https://commons.wikimedia.org/wiki/File:Diet_baklava.jpg,"<a href=""//commons.wikimedia.org/wiki/User:E4024"" class=""mw-redirect"" title=""User:E4024"">E4024</a>",cc by-sa 4.0,Wikimedia Commons,2026-08-18
tahinli-piyaz,https://www.flickr.com/photos/12383598@N00/3854173832,mia!,by-sa,Openverse,2026-08-18
tarcinli-fransiz-tostu,https://commons.wikimedia.org/wiki/File:DFC_4062_Decadent_fruit-topped_brioche_thick_honeyed_toast_with_whipped_cream_berries_orange_slices_and_strawberry_sauce.jpg,"<a rel=""nofollow"" class=""external text"" href=""https://www.flickr.com/people/PattayaPatrol/"">PattayaPatrol</a>",cc by-sa 4.0,Wikimedia Commons,2026-09-10
tarcinli-rulo-corek,https://commons.wikimedia.org/wiki/File:Cinnamon_Bun_-_Caff%C3%A8_Nero_2026-05-28.jpg,"<a href=""//commons.wikimedia.org/wiki/User:Onthewings"" title=""User:Onthewings"">Andy Li</a>",cc0,Wikimedia Commons,2026-09-10
tarhana-corbasi,https://commons.wikimedia.org/wiki/File:A_bowl_of_tarhana_soup.jpg,"<a href=""//commons.wikimedia.org/wiki/User:E4024"" class=""mw-redirect"" title=""User:E4024"">E4024</a>",cc by-sa 4.0,Wikimedia Commons,2026-09-09
tas-kebabi,https://commons.wikimedia.org/wiki/File:Bulgur_pilav%C4%B1_(sehriyeli)_and_tas_kebap.jpg,"<a href=""//commons.wikimedia.org/wiki/User:E4024"" class=""mw-redirect"" title=""User:E4024"">E4024</a>",cc by-sa 4.0,Wikimedia Commons,2026-08-18
tatli-eksi-tavuk,https://www.flickr.com/photos/28531775@N06/4384414281,snowpea&bokchoi,by,Openverse,2026-08-18
tavada-teriyaki-somon,https://commons.wikimedia.org/wiki/File:DFC_1021_Seared_salmon_fillet_topped_with_shrimp_and_dill_served_with_coleslaw_roasted_potatoes_and_a_side_of_creamed_spinach_on_a_bed_of_greens.jpg,"<a rel=""nofollow"" class=""external text"" href=""https://www.flickr.com/people/PattayaPatrol/"">PattayaPatrol</a>",cc by-sa 4.0,Wikimedia Commons,2026-08-18
tavuk-sis-durum,https://commons.wikimedia.org/wiki/File:Brochettes_de_poulet_marin%C3%A9_en_fin_de_cuisson_au_barbecue_(avril_2020).jpg,"<bdi><a href=""https://www.wikidata.org/wiki/Q42790984"" class=""extiw"" title=""d:Q42790984""><span title=""French computing e",cc0,Wikimedia Commons,2026-09-10
tavuk-sote,https://commons.wikimedia.org/wiki/File:020230311_baked_chicken_breast.jpg,"<a href=""//commons.wikimedia.org/w/index.php?title=User:Silar&amp;action=edit&amp;redlink=1"" class=""new"" title=""User:Sil",cc by-sa 4.0,Wikimedia Commons,2026-09-09
tavukgogsu,https://commons.wikimedia.org/wiki/File:Kazandibi_(with_chicken_meat).jpg,"<a href=""//commons.wikimedia.org/wiki/User:E4024"" class=""mw-redirect"" title=""User:E4024"">E4024</a>",cc by-sa 4.0,Wikimedia Commons,2026-09-10
tavuklu-burrito,https://www.flickr.com/photos/58990192@N03/6286185972,time_anchor,by,Openverse,2026-08-18
tavuklu-eriste-corbasi,https://www.flickr.com/photos/8286199@N08/3079682439,bobjudge,by,Openverse,2026-08-18
tavuklu-safranli-pilav,https://www.flickr.com/photos/84539227@N00/2952485412,reivax,by-sa,Openverse,2026-08-18
tavuklu-sebzeli-fried-rice,https://commons.wikimedia.org/wiki/File:Chicken_fried_rice_-_Stir_Fry_by_CK_2023-12-02.jpg,"<a href=""//commons.wikimedia.org/wiki/User:Onthewings"" title=""User:Onthewings"">Andy Li</a>",cc0,Wikimedia Commons,2026-08-18
tavuklu-sebzeli-sote,https://commons.wikimedia.org/wiki/File:20160923-AMS-LSC-9001_(Food_Demo-Sweet_Potato).jpg,"<a rel=""nofollow"" class=""external text"" href=""https://www.flickr.com/people/usdagov/"">USDAgov</a>",public domain,Wikimedia Commons,2026-08-18
taze-fasulye-diblesi,https://www.flickr.com/photos/18295242@N00/50539076,Laurel Fan,by-sa,Openverse,2026-08-18
taze-misir-haslama,https://www.flickr.com/photos/40351552@N05/21120689163,eprebys,by,Openverse,2026-08-18
tek-tavada-sebzeli-brunch-tavasi,"https://commons.wikimedia.org/wiki/File:Pan_seared_sea_bass_at_the_White_Hart_Inn,_Moreton,_Essex,_England.jpg","<a href=""//commons.wikimedia.org/wiki/User:Acabashi"" title=""User:Acabashi"">Acabashi</a>",cc by-sa 4.0,Wikimedia Commons,2026-09-09
tepsi-koftesi,https://commons.wikimedia.org/wiki/File:2016_USDA_Farmers_Market_(20161021-AMS-LSC-0081).jpg,"<a rel=""nofollow"" class=""external text"" href=""https://www.flickr.com/people/usdagov/"">USDAgov</a>",public domain,Wikimedia Commons,2026-08-18
terbiyeli-tavuk-suyu-corbasi,https://wordpress.org/photos/photo/44768afc28/,Faisal Ahammad,cc0,Openverse,2026-08-18
teriyaki-tavuk-sandvic,"https://commons.wikimedia.org/wiki/File:DFC_5248-_A_juicy_burger_stacked_with_fresh_lettuce,_onions_and_a_drizzle_of_special_sauce,_ready_to_be_served.jpg",Pattaya Patrol,cc by-sa 4.0,Wikimedia Commons,2026-08-18
testi-kebabi,https://commons.wikimedia.org/wiki/File:Hatay_usul%C3%BC_testi_kebab%C4%B1.jpg,"<a href=""//commons.wikimedia.org/w/index.php?title=User:Masisoz&amp;action=edit&amp;redlink=1"" class=""new"" title=""User:M",cc by-sa 4.0,Wikimedia Commons,2026-09-09
ton-balikli-bowl,https://commons.wikimedia.org/wiki/File:Nakau_picked_tuna_bowl_%26_udon.jpg,"<a href=""//commons.wikimedia.org/wiki/User:Tokumeigakarinoaoshima"" title=""User:Tokumeigakarinoaoshima"">Tokumeigakarinoao",cc by-sa 4.0,Wikimedia Commons,2026-09-09
ton-balikli-yumurtali-fit-kase,https://commons.wikimedia.org/wiki/File:Tuna_Salad_with_sweet_corn.jpg,"<a href=""//commons.wikimedia.org/wiki/User:Adesolive"" title=""User:Adesolive"">Adesolive</a>",cc0,Wikimedia Commons,2026-09-09
trilece,https://commons.wikimedia.org/wiki/File:TresLechesCake.jpg,"Lorelei Norman (<a href=""//commons.wikimedia.org/w/index.php?title=User:Beau002&amp;action=edit&amp;redlink=1"" class=""ne",cc0,Wikimedia Commons,2026-09-09
tulumba-tatlisi,https://commons.wikimedia.org/wiki/File:Halka_ve_Tulumba_tatl%C4%B1s%C4%B1.jpg,"<a href=""//commons.wikimedia.org/wiki/User:Zcebeci"" title=""User:Zcebeci"">Zeynel Cebeci</a>",cc by-sa 4.0,Wikimedia Commons,2026-08-18
tutmac-corbasi,https://commons.wikimedia.org/wiki/File:Bacakl%C4%B1_a%C5%9F_(details).jpg,"<a href=""//commons.wikimedia.org/wiki/User:E4024"" class=""mw-redirect"" title=""User:E4024"">E4024</a>",cc by-sa 4.0,Wikimedia Commons,2026-08-18
uc-peynirli-tost,https://wordpress.org/photos/photo/67369a88d9/,Bigul Malayi,cc0,Openverse,2026-08-18
un-helvasi,https://commons.wikimedia.org/wiki/File:Ak%C3%A7aabat_un_helvas%C4%B1.jpg,"<a href=""//commons.wikimedia.org/wiki/User:Basak"" title=""User:Basak"">Basak</a>",cc by-sa 4.0,Wikimedia Commons,2026-09-09
un-kurabiyesi,https://commons.wikimedia.org/wiki/File:Kourabiedes_platter_2008_01_08.jpg,"<a href=""//commons.wikimedia.org/wiki/User:Jastrow"" title=""User:Jastrow"">Jastrow</a>",cc by 2.5,Wikimedia Commons,2026-08-18
urfa-tepsi-kebabi,https://www.flickr.com/photos/15216811@N06/7304112900,Nicola since 1972,by,Openverse,2026-08-18
visneli-yaprak-sarma,https://commons.wikimedia.org/wiki/File:Vi%C5%9Fneli_Yaprak_Sarma.jpg,Garrett Ziegler,cc by-sa 4.0,Wikimedia Commons,2026-08-18
yag-mantisi,https://commons.wikimedia.org/wiki/File:A%C5%9ELAMA_MANTISI_2014-04-22.jpg,"<a href=""//commons.wikimedia.org/w/index.php?title=User:Ye%C5%9Fil_a%C5%9Flama&amp;action=edit&amp;redlink=1"" class=""new",cc by-sa 3.0,Wikimedia Commons,2026-09-09
yalanci-dolma,https://commons.wikimedia.org/wiki/File:Cooking_Turkish_food.jpg,"<a href=""//commons.wikimedia.org/wiki/User:E4024"" class=""mw-redirect"" title=""User:E4024"">E4024</a>",cc by-sa 4.0,Wikimedia Commons,2026-09-09
yalanci-sogus-durum,https://wordpress.org/photos/photo/216967b363/,Manjil Aryal,cc0,Openverse,2026-08-18
yayla-corbasi,https://commons.wikimedia.org/wiki/File:Yayla_chorba.jpg,"<a href=""//commons.wikimedia.org/wiki/User:E4024"" class=""mw-redirect"" title=""User:E4024"">E4024</a>",cc by-sa 4.0,Wikimedia Commons,2026-09-09
yer-fistigi-ezmeli-pad-thai,https://commons.wikimedia.org/wiki/File:Pan_Fry_Beef_Rice_Noodles_-_Stir_Fry_by_CK.jpg,"<a href=""//commons.wikimedia.org/wiki/User:Onthewings"" title=""User:Onthewings"">Andy Li</a>",cc0,Wikimedia Commons,2026-08-18
yesil-mercimek-yemegi,https://commons.wikimedia.org/wiki/File:3_types_of_lentil.jpg,"<a href=""//commons.wikimedia.org/wiki/User:Justinc"" title=""User:Justinc"">User:Justinc</a>",cc by-sa 2.0,Wikimedia Commons,2026-09-09
yogurtlu-eriste-corbasi,https://commons.wikimedia.org/wiki/File:Baqala_qatoq.jpg,"<a href=""//commons.wikimedia.org/wiki/User:Rye-96"" title=""User:Rye-96"">Rye-96</a>",cc by-sa 4.0,Wikimedia Commons,2026-08-18
yogurtlu-kiymali-makarna,https://www.flickr.com/photos/91425809@N00/6440365239,lynn dombrowski,by-sa,Openverse,2026-08-18
yulafli-fistik-ezmeli-cookie,"https://commons.wikimedia.org/wiki/File:Oatmeal_Cookies_with_orange_zest,_golden_raisins,_and_chocolate_chips.jpg","<a rel=""nofollow"" class=""external text"" href=""https://flickr.com/people/71165588@N00"">Paul Martin</a>",cc by 2.0,Wikimedia Commons,2026-09-09
yumurtali-ot-kavurmasi,https://commons.wikimedia.org/wiki/File:%22Trash_Fish%22_Sustanable_Seafood_Dinner.jpg,Edsel Little,cc by-sa 2.0,Wikimedia Commons,2026-08-18
yuvalama,https://commons.wikimedia.org/wiki/File:Yuvalama_(half_a_portion).jpg,"<a href=""//commons.wikimedia.org/wiki/User:E4024"" class=""mw-redirect"" title=""User:E4024"">E4024</a>",cc by-sa 4.0,Wikimedia Commons,2026-08-18
zerde,https://commons.wikimedia.org/wiki/File:Asure_and_Zerde.jpg,"<a href=""//commons.wikimedia.org/wiki/User:E4024"" class=""mw-redirect"" title=""User:E4024"">E4024</a>",cc by-sa 4.0,Wikimedia Commons,2026-08-18
zeytinyagli-bakla,https://commons.wikimedia.org/wiki/File:Bakla_(broad_beans)_Turkish_style.jpg,"<a href=""//commons.wikimedia.org/wiki/User:E4024"" class=""mw-redirect"" title=""User:E4024"">E4024</a>",cc by-sa 4.0,Wikimedia Commons,2026-08-18
zeytinyagli-barbunya,https://commons.wikimedia.org/wiki/File:Barbunya_pilakisi.jpg,"<a href=""//commons.wikimedia.org/wiki/User:E4024"" class=""mw-redirect"" title=""User:E4024"">E4024</a>",cc by-sa 4.0,Wikimedia Commons,2026-09-09
zeytinyagli-biber-dolmasi,"https://commons.wikimedia.org/wiki/File:Kieler_sprats,_green_peas,_olives,_and_eggplants_stuffed_with_walnuts_and_hot_peppers,_with_guacamole_halapeno_sauce_and_black_pepper_-_Massachusetts.jpg","<a href=""//commons.wikimedia.org/wiki/User:Daderot"" title=""User:Daderot"">Daderot</a>",cc0,Wikimedia Commons,2026-08-18
zeytinyagli-enginar,https://commons.wikimedia.org/wiki/File:Enginar.jpg,"<a href=""//commons.wikimedia.org/wiki/User:E4024"" class=""mw-redirect"" title=""User:E4024"">E4024</a>",cc by-sa 4.0,Wikimedia Commons,2026-08-18
zeytinyagli-kereviz,https://commons.wikimedia.org/wiki/File:Kereviz_(zeytinya%C4%9Fl%C4%B1).jpg,"<a href=""//commons.wikimedia.org/wiki/User:E4024"" class=""mw-redirect"" title=""User:E4024"">E4024</a>",cc by-sa 4.0,Wikimedia Commons,2026-08-18
zeytinyagli-pirasa,https://commons.wikimedia.org/wiki/File:PIRASA.jpg,"<a href=""//commons.wikimedia.org/wiki/User:E4024"" class=""mw-redirect"" title=""User:E4024"">E4024</a>",cc by-sa 4.0,Wikimedia Commons,2026-09-09
zeytinyagli-sebzeli-turlu,https://commons.wikimedia.org/wiki/File:Chicken_stew_with_mixed_vegetables.jpg,"<a href=""//commons.wikimedia.org/wiki/User:FBenjr123"" title=""User:FBenjr123"">FBenjr123</a>",cc by-sa 4.0,Wikimedia Commons,2026-08-18
zeytinyagli-taze-fasulye,https://commons.wikimedia.org/wiki/File:A_plate_of_zeytinya%C4%9Fl%C4%B1_taze_fasulye.jpg,"<a href=""//commons.wikimedia.org/wiki/User:E4024"" class=""mw-redirect"" title=""User:E4024"">E4024</a>",cc by-sa 4.0,Wikimedia Commons,2026-09-09
zeytinyagli-yaprak-sarma,https://commons.wikimedia.org/wiki/File:Yaprak_sarma.jpg,"<a href=""//commons.wikimedia.org/wiki/User:Viki%C3%A7izer"" title=""User:Vikiçizer"">Vikiçizer</a>",cc by-sa 4.0,Wikimedia Commons,2026-08-18
